{
  "lr_mse": 211116.03902904183,
  "lr_r2": 0.36890743086644107,
  "xgb_mse": 214882.171875,
  "xgb_r2": 0.3576492667198181,
  "best_params": {
    "colsample_bytree": 0.8,
    "learning_rate": 0.1,
    "max_depth": 3,
    "n_estimators": 100,
    "subsample": 0.8
  },
  "feature_names": [
    "Category",
    "Sub Category",
    "City",
    "Region",
    "Profit",
    "Discount"
  ]
}